{"cameraMode":{"drawMode":0,"name":"Shaded","section":"Shading Mode"},"sceneLighting":false,"audioPlay":false,"sceneViewState":{"m_AlwaysRefresh":false,"showFog":true,"showSkybox":false,"showFlares":true,"showImageEffects":true,"showParticleSystems":true,"showVisualEffectGraphs":true,"m_FxEnabled":true},"in2DMode":false,"pivot":{"x":0.2549828588962555,"y":0.1366700828075409,"z":0.22715836763381959},"rotation":{"x":0.04310033097863197,"y":-0.6640067100524902,"z":0.03838909789919853,"w":0.7454960942268372},"size":0.27187082171440127,"orthographic":false}