{"cameraMode":{"drawMode":0,"name":"Shaded","section":"Shading Mode"},"sceneLighting":true,"audioPlay":false,"sceneViewState":{"m_AlwaysRefresh":false,"showFog":true,"showSkybox":true,"showFlares":true,"showImageEffects":true,"showParticleSystems":true,"showVisualEffectGraphs":true,"m_FxEnabled":true},"in2DMode":false,"pivot":{"x":-6.210369110107422,"y":4.341621398925781,"z":2.1919233798980715},"rotation":{"x":0.21307231485843659,"y":0.7097369432449341,"z":-0.24131201207637788,"w":0.6266329288482666},"size":1.3827893733978272,"orthographic":false}